Instruction,Niveau,Onderwijsstructuur,Soort,Indeling,Indelingstype,Type onderwijsdoel,Titel 1,Titel 2,Titel 3,Nummer / Code,Onderwijsdoel,Attitudinaal,Geldig vanaf,Id,Onderwijsniveau_id,Verwant leergebied,Verwant subdomein,Verwant thema
,Basisonderwijs,Lager Onderwijs,Gewoon,Levensbeschouwelijke vakken,Leergebied,Eindtermen,Niet-confessionele zedenleer,,,0,Geen eindterm (lager onderwijs),Nee,01/09/2015,basis-lager-0-531868484,https://w3id.org/onderwijs-vlaanderen/id/structuur/lager-onderwijs,http://ilearn.ilabt.imec.be/vocab/curr2/l-levensbeschouwelijke-vakken,http://ilearn.ilabt.imec.be/vocab/curr2/s-niet-confessionele-zedenleer,
,Basisonderwijs,Lager Onderwijs,Gewoon,Levensbeschouwelijke vakken,Leergebied,Eindtermen,Godsdienst,,,0,Geen eindterm (lager onderwijs),Nee,01/09/2015,basis-lager-0-531868484,https://w3id.org/onderwijs-vlaanderen/id/structuur/lager-onderwijs,http://ilearn.ilabt.imec.be/vocab/curr2/l-levensbeschouwelijke-vakken,http://ilearn.ilabt.imec.be/vocab/curr2/s-godsdienst,
,Basisonderwijs,Lager Onderwijs,Gewoon,Extracurriculair,Leergebied,Eindtermen,Extracurriculair,,,0,Geen eindterm (lager onderwijs),Nee,01/09/2015,basis-lager-0-531868484,https://w3id.org/onderwijs-vlaanderen/id/structuur/lager-onderwijs,http://ilearn.ilabt.imec.be/vocab/curr2/l-extra-curriculair,http://ilearn.ilabt.imec.be/vocab/curr2/s-extra-curriculair,
,,,,,,,,,,,,,,,,,,
,,,,,,,,,,,,,,,,,,
,"(below: existing onderwijsdoelen, linked to other subdomains than suggested in AHOVOKS data)",,,,,,,,,,,,,,,,,
,Basisonderwijs,Lager Onderwijs,Gewoon,Frans,Leergebied,Eindtermen,,Luisteren,,25,"De leerlingen werken aan de volgende attitudes: tonen bereidheid en durf om te luisteren, te lezen, te spreken, gesprekken te voeren en te schrijven in het Frans.",Ja,01/09/2010,basis-lager-25-2759754046,https://w3id.org/onderwijs-vlaanderen/id/structuur/lager-onderwijs,http://ilearn.ilabt.imec.be/vocab/curr2/l-frans,http://ilearn.ilabt.imec.be/vocab/curr2/s-fr-luisteren,
,Basisonderwijs,Lager Onderwijs,Gewoon,Frans,Leergebied,Eindtermen,,Luisteren,,26,De leerlingen werken aan de volgende attitudes: tonen bereidheid om te streven naar taalverzorging.,Ja,01/09/2010,basis-lager-26-2297158100,https://w3id.org/onderwijs-vlaanderen/id/structuur/lager-onderwijs,http://ilearn.ilabt.imec.be/vocab/curr2/l-frans,http://ilearn.ilabt.imec.be/vocab/curr2/s-fr-luisteren,
,Basisonderwijs,Lager Onderwijs,Gewoon,Frans,Leergebied,Eindtermen,,Luisteren,,27,"De leerlingen werken aan de volgende attitudes: tonen belangstelling voor de aanwezigheid van moderne vreemde talen in hun leefwereld, ook buiten de school, en voor de socioculturele wereld van de taalgebruikers.",Ja,01/09/2010,basis-lager-27-308862829,https://w3id.org/onderwijs-vlaanderen/id/structuur/lager-onderwijs,http://ilearn.ilabt.imec.be/vocab/curr2/l-frans,http://ilearn.ilabt.imec.be/vocab/curr2/s-fr-luisteren,
,Basisonderwijs,Lager Onderwijs,Gewoon,Frans,Leergebied,Eindtermen,,Luisteren,,23,"Om bovenvermelde taaltaken uit te voeren kunnen de leerlingen de volgende lexicale en grammaticale elementen functioneel inzetten:
a) vorm, betekenis en reëel gebruik in context van woorden en woordcombinaties uit de woordvelden die de taaltaken en de taalgebruikssituaties vereisen:
-persoonlijke gegevens: naam, leeftijd, adres, telefoon, dichte familie, kleding, gezondheid, lichaamsdelen, uiterlijke kenmerken, huisdieren
-dagelijks leven: huis, vrijetijdsbesteding, school, klas, de klasafspraken en -instructies, schoolmateriaal, verplaatsingen, boodschappen doen
-relatie tot de anderen: zich voorstellen, iemand voorstellen, begroeten, bedanken, feliciteren, beleefdheidsrituelen, gevoelens uitdrukken
-eten en drinken: wat men eet of drinkt, de maaltijden
-tijd, ruimte, natuur: jaar, seizoenen, maanden, dagen, uuraanduidingen, tijdsmarkeerders, feesten, dieren
-het weer
-functiewoorden: voorzetsels en voegwoorden
-hoeveelheidsaanduidingen: hoofdtelwoorden en frequente rangtelwoorden

b) grammaticale constructies:
• morfologisch domein
• zelfstandige naamwoorden: genus, getal, overeenkomst
• lidwoorden
• bijvoeglijk gebruikte woordsoorten
• bijvoeglijke naamwoorden
• bezittelijke voornaamwoorden
• aanwijzende voornaamwoorden
• infinitieven
• werkwoordsvormen en de tijdmarkeerders i.f.v. communicatie in de tegenwoordige tijd en de “futur proche”
• zeer frequente vormen van de “passé composé”
• syntactisch domein
• eenvoudige bevestigende, ontkennende en vragende zinnen
• persoonlijke voornaamwoorden als onderwerp",Nee,01/09/2010,basis-lager-23-4163456071,https://w3id.org/onderwijs-vlaanderen/id/structuur/lager-onderwijs,http://ilearn.ilabt.imec.be/vocab/curr2/l-frans,http://ilearn.ilabt.imec.be/vocab/curr2/s-fr-luisteren,
,Basisonderwijs,Lager Onderwijs,Gewoon,Frans,Leergebied,Eindtermen,,Luisteren,,24,De leerlingen reflecteren over taal en taalgebruik binnen de vermelde taalgebruikssituaties om zo hun functionele en ondersteunende kennis uit te breiden.,Nee,01/09/2010,basis-lager-24-2872038705,https://w3id.org/onderwijs-vlaanderen/id/structuur/lager-onderwijs,http://ilearn.ilabt.imec.be/vocab/curr2/l-frans,http://ilearn.ilabt.imec.be/vocab/curr2/s-fr-luisteren,
,Basisonderwijs,Lager Onderwijs,Gewoon,Frans,Leergebied,Eindtermen,,Lezen,,25,"De leerlingen werken aan de volgende attitudes: tonen bereidheid en durf om te luisteren, te lezen, te spreken, gesprekken te voeren en te schrijven in het Frans.",Ja,01/09/2010,basis-lager-25-2759754046,https://w3id.org/onderwijs-vlaanderen/id/structuur/lager-onderwijs,http://ilearn.ilabt.imec.be/vocab/curr2/l-frans,http://ilearn.ilabt.imec.be/vocab/curr2/s-fr-lezen,
,Basisonderwijs,Lager Onderwijs,Gewoon,Frans,Leergebied,Eindtermen,,Lezen,,26,De leerlingen werken aan de volgende attitudes: tonen bereidheid om te streven naar taalverzorging.,Ja,01/09/2010,basis-lager-26-2297158100,https://w3id.org/onderwijs-vlaanderen/id/structuur/lager-onderwijs,http://ilearn.ilabt.imec.be/vocab/curr2/l-frans,http://ilearn.ilabt.imec.be/vocab/curr2/s-fr-lezen,
,Basisonderwijs,Lager Onderwijs,Gewoon,Frans,Leergebied,Eindtermen,,Lezen,,27,"De leerlingen werken aan de volgende attitudes: tonen belangstelling voor de aanwezigheid van moderne vreemde talen in hun leefwereld, ook buiten de school, en voor de socioculturele wereld van de taalgebruikers.",Ja,01/09/2010,basis-lager-27-308862829,https://w3id.org/onderwijs-vlaanderen/id/structuur/lager-onderwijs,http://ilearn.ilabt.imec.be/vocab/curr2/l-frans,http://ilearn.ilabt.imec.be/vocab/curr2/s-fr-lezen,
,Basisonderwijs,Lager Onderwijs,Gewoon,Frans,Leergebied,Eindtermen,,Lezen,,23,"Om bovenvermelde taaltaken uit te voeren kunnen de leerlingen de volgende lexicale en grammaticale elementen functioneel inzetten:
a) vorm, betekenis en reëel gebruik in context van woorden en woordcombinaties uit de woordvelden die de taaltaken en de taalgebruikssituaties vereisen:
-persoonlijke gegevens: naam, leeftijd, adres, telefoon, dichte familie, kleding, gezondheid, lichaamsdelen, uiterlijke kenmerken, huisdieren
-dagelijks leven: huis, vrijetijdsbesteding, school, klas, de klasafspraken en -instructies, schoolmateriaal, verplaatsingen, boodschappen doen
-relatie tot de anderen: zich voorstellen, iemand voorstellen, begroeten, bedanken, feliciteren, beleefdheidsrituelen, gevoelens uitdrukken
-eten en drinken: wat men eet of drinkt, de maaltijden
-tijd, ruimte, natuur: jaar, seizoenen, maanden, dagen, uuraanduidingen, tijdsmarkeerders, feesten, dieren
-het weer
-functiewoorden: voorzetsels en voegwoorden
-hoeveelheidsaanduidingen: hoofdtelwoorden en frequente rangtelwoorden

b) grammaticale constructies:
• morfologisch domein
• zelfstandige naamwoorden: genus, getal, overeenkomst
• lidwoorden
• bijvoeglijk gebruikte woordsoorten
• bijvoeglijke naamwoorden
• bezittelijke voornaamwoorden
• aanwijzende voornaamwoorden
• infinitieven
• werkwoordsvormen en de tijdmarkeerders i.f.v. communicatie in de tegenwoordige tijd en de “futur proche”
• zeer frequente vormen van de “passé composé”
• syntactisch domein
• eenvoudige bevestigende, ontkennende en vragende zinnen
• persoonlijke voornaamwoorden als onderwerp",Nee,01/09/2010,basis-lager-23-4163456071,https://w3id.org/onderwijs-vlaanderen/id/structuur/lager-onderwijs,http://ilearn.ilabt.imec.be/vocab/curr2/l-frans,http://ilearn.ilabt.imec.be/vocab/curr2/s-fr-lezen,
,Basisonderwijs,Lager Onderwijs,Gewoon,Frans,Leergebied,Eindtermen,,Lezen,,24,De leerlingen reflecteren over taal en taalgebruik binnen de vermelde taalgebruikssituaties om zo hun functionele en ondersteunende kennis uit te breiden.,Nee,01/09/2010,basis-lager-24-2872038705,https://w3id.org/onderwijs-vlaanderen/id/structuur/lager-onderwijs,http://ilearn.ilabt.imec.be/vocab/curr2/l-frans,http://ilearn.ilabt.imec.be/vocab/curr2/s-fr-lezen,
,Basisonderwijs,Lager Onderwijs,Gewoon,Frans,Leergebied,Eindtermen,,Spreken,,25,"De leerlingen werken aan de volgende attitudes: tonen bereidheid en durf om te luisteren, te lezen, te spreken, gesprekken te voeren en te schrijven in het Frans.",Ja,01/09/2010,basis-lager-25-2759754046,https://w3id.org/onderwijs-vlaanderen/id/structuur/lager-onderwijs,http://ilearn.ilabt.imec.be/vocab/curr2/l-frans,http://ilearn.ilabt.imec.be/vocab/curr2/s-fr-spreken,
,Basisonderwijs,Lager Onderwijs,Gewoon,Frans,Leergebied,Eindtermen,,Spreken,,26,De leerlingen werken aan de volgende attitudes: tonen bereidheid om te streven naar taalverzorging.,Ja,01/09/2010,basis-lager-26-2297158100,https://w3id.org/onderwijs-vlaanderen/id/structuur/lager-onderwijs,http://ilearn.ilabt.imec.be/vocab/curr2/l-frans,http://ilearn.ilabt.imec.be/vocab/curr2/s-fr-spreken,
,Basisonderwijs,Lager Onderwijs,Gewoon,Frans,Leergebied,Eindtermen,,Spreken,,27,"De leerlingen werken aan de volgende attitudes: tonen belangstelling voor de aanwezigheid van moderne vreemde talen in hun leefwereld, ook buiten de school, en voor de socioculturele wereld van de taalgebruikers.",Ja,01/09/2010,basis-lager-27-308862829,https://w3id.org/onderwijs-vlaanderen/id/structuur/lager-onderwijs,http://ilearn.ilabt.imec.be/vocab/curr2/l-frans,http://ilearn.ilabt.imec.be/vocab/curr2/s-fr-spreken,
,Basisonderwijs,Lager Onderwijs,Gewoon,Frans,Leergebied,Eindtermen,,Spreken,,23,"Om bovenvermelde taaltaken uit te voeren kunnen de leerlingen de volgende lexicale en grammaticale elementen functioneel inzetten:
a) vorm, betekenis en reëel gebruik in context van woorden en woordcombinaties uit de woordvelden die de taaltaken en de taalgebruikssituaties vereisen:
-persoonlijke gegevens: naam, leeftijd, adres, telefoon, dichte familie, kleding, gezondheid, lichaamsdelen, uiterlijke kenmerken, huisdieren
-dagelijks leven: huis, vrijetijdsbesteding, school, klas, de klasafspraken en -instructies, schoolmateriaal, verplaatsingen, boodschappen doen
-relatie tot de anderen: zich voorstellen, iemand voorstellen, begroeten, bedanken, feliciteren, beleefdheidsrituelen, gevoelens uitdrukken
-eten en drinken: wat men eet of drinkt, de maaltijden
-tijd, ruimte, natuur: jaar, seizoenen, maanden, dagen, uuraanduidingen, tijdsmarkeerders, feesten, dieren
-het weer
-functiewoorden: voorzetsels en voegwoorden
-hoeveelheidsaanduidingen: hoofdtelwoorden en frequente rangtelwoorden

b) grammaticale constructies:
• morfologisch domein
• zelfstandige naamwoorden: genus, getal, overeenkomst
• lidwoorden
• bijvoeglijk gebruikte woordsoorten
• bijvoeglijke naamwoorden
• bezittelijke voornaamwoorden
• aanwijzende voornaamwoorden
• infinitieven
• werkwoordsvormen en de tijdmarkeerders i.f.v. communicatie in de tegenwoordige tijd en de “futur proche”
• zeer frequente vormen van de “passé composé”
• syntactisch domein
• eenvoudige bevestigende, ontkennende en vragende zinnen
• persoonlijke voornaamwoorden als onderwerp",Nee,01/09/2010,basis-lager-23-4163456071,https://w3id.org/onderwijs-vlaanderen/id/structuur/lager-onderwijs,http://ilearn.ilabt.imec.be/vocab/curr2/l-frans,http://ilearn.ilabt.imec.be/vocab/curr2/s-fr-spreken,
,Basisonderwijs,Lager Onderwijs,Gewoon,Frans,Leergebied,Eindtermen,,Spreken,,24,De leerlingen reflecteren over taal en taalgebruik binnen de vermelde taalgebruikssituaties om zo hun functionele en ondersteunende kennis uit te breiden.,Nee,01/09/2010,basis-lager-24-2872038705,https://w3id.org/onderwijs-vlaanderen/id/structuur/lager-onderwijs,http://ilearn.ilabt.imec.be/vocab/curr2/l-frans,http://ilearn.ilabt.imec.be/vocab/curr2/s-fr-spreken,
,Basisonderwijs,Lager Onderwijs,Gewoon,Frans,Leergebied,Eindtermen,,Mondelinge interactie,,25,"De leerlingen werken aan de volgende attitudes: tonen bereidheid en durf om te luisteren, te lezen, te spreken, gesprekken te voeren en te schrijven in het Frans.",Ja,01/09/2010,basis-lager-25-2759754046,https://w3id.org/onderwijs-vlaanderen/id/structuur/lager-onderwijs,http://ilearn.ilabt.imec.be/vocab/curr2/l-frans,http://ilearn.ilabt.imec.be/vocab/curr2/s-mondelinge-interactie,
,Basisonderwijs,Lager Onderwijs,Gewoon,Frans,Leergebied,Eindtermen,,Mondelinge interactie,,26,De leerlingen werken aan de volgende attitudes: tonen bereidheid om te streven naar taalverzorging.,Ja,01/09/2010,basis-lager-26-2297158100,https://w3id.org/onderwijs-vlaanderen/id/structuur/lager-onderwijs,http://ilearn.ilabt.imec.be/vocab/curr2/l-frans,http://ilearn.ilabt.imec.be/vocab/curr2/s-mondelinge-interactie,
,Basisonderwijs,Lager Onderwijs,Gewoon,Frans,Leergebied,Eindtermen,,Mondelinge interactie,,27,"De leerlingen werken aan de volgende attitudes: tonen belangstelling voor de aanwezigheid van moderne vreemde talen in hun leefwereld, ook buiten de school, en voor de socioculturele wereld van de taalgebruikers.",Ja,01/09/2010,basis-lager-27-308862829,https://w3id.org/onderwijs-vlaanderen/id/structuur/lager-onderwijs,http://ilearn.ilabt.imec.be/vocab/curr2/l-frans,http://ilearn.ilabt.imec.be/vocab/curr2/s-mondelinge-interactie,
,Basisonderwijs,Lager Onderwijs,Gewoon,Frans,Leergebied,Eindtermen,,Mondelinge interactie,,23,"Om bovenvermelde taaltaken uit te voeren kunnen de leerlingen de volgende lexicale en grammaticale elementen functioneel inzetten:
a) vorm, betekenis en reëel gebruik in context van woorden en woordcombinaties uit de woordvelden die de taaltaken en de taalgebruikssituaties vereisen:
-persoonlijke gegevens: naam, leeftijd, adres, telefoon, dichte familie, kleding, gezondheid, lichaamsdelen, uiterlijke kenmerken, huisdieren
-dagelijks leven: huis, vrijetijdsbesteding, school, klas, de klasafspraken en -instructies, schoolmateriaal, verplaatsingen, boodschappen doen
-relatie tot de anderen: zich voorstellen, iemand voorstellen, begroeten, bedanken, feliciteren, beleefdheidsrituelen, gevoelens uitdrukken
-eten en drinken: wat men eet of drinkt, de maaltijden
-tijd, ruimte, natuur: jaar, seizoenen, maanden, dagen, uuraanduidingen, tijdsmarkeerders, feesten, dieren
-het weer
-functiewoorden: voorzetsels en voegwoorden
-hoeveelheidsaanduidingen: hoofdtelwoorden en frequente rangtelwoorden

b) grammaticale constructies:
• morfologisch domein
• zelfstandige naamwoorden: genus, getal, overeenkomst
• lidwoorden
• bijvoeglijk gebruikte woordsoorten
• bijvoeglijke naamwoorden
• bezittelijke voornaamwoorden
• aanwijzende voornaamwoorden
• infinitieven
• werkwoordsvormen en de tijdmarkeerders i.f.v. communicatie in de tegenwoordige tijd en de “futur proche”
• zeer frequente vormen van de “passé composé”
• syntactisch domein
• eenvoudige bevestigende, ontkennende en vragende zinnen
• persoonlijke voornaamwoorden als onderwerp",Nee,01/09/2010,basis-lager-23-4163456071,https://w3id.org/onderwijs-vlaanderen/id/structuur/lager-onderwijs,http://ilearn.ilabt.imec.be/vocab/curr2/l-frans,http://ilearn.ilabt.imec.be/vocab/curr2/s-mondelinge-interactie,
,Basisonderwijs,Lager Onderwijs,Gewoon,Frans,Leergebied,Eindtermen,,Mondelinge interactie,,24,De leerlingen reflecteren over taal en taalgebruik binnen de vermelde taalgebruikssituaties om zo hun functionele en ondersteunende kennis uit te breiden.,Nee,01/09/2010,basis-lager-24-2872038705,https://w3id.org/onderwijs-vlaanderen/id/structuur/lager-onderwijs,http://ilearn.ilabt.imec.be/vocab/curr2/l-frans,http://ilearn.ilabt.imec.be/vocab/curr2/s-mondelinge-interactie,
,Basisonderwijs,Lager Onderwijs,Gewoon,Frans,Leergebied,Eindtermen,,Schrijven,,25,"De leerlingen werken aan de volgende attitudes: tonen bereidheid en durf om te luisteren, te lezen, te spreken, gesprekken te voeren en te schrijven in het Frans.",Ja,01/09/2010,basis-lager-25-2759754046,https://w3id.org/onderwijs-vlaanderen/id/structuur/lager-onderwijs,http://ilearn.ilabt.imec.be/vocab/curr2/l-frans,http://ilearn.ilabt.imec.be/vocab/curr2/s-fr-schrijven,
,Basisonderwijs,Lager Onderwijs,Gewoon,Frans,Leergebied,Eindtermen,,Schrijven,,26,De leerlingen werken aan de volgende attitudes: tonen bereidheid om te streven naar taalverzorging.,Ja,01/09/2010,basis-lager-26-2297158100,https://w3id.org/onderwijs-vlaanderen/id/structuur/lager-onderwijs,http://ilearn.ilabt.imec.be/vocab/curr2/l-frans,http://ilearn.ilabt.imec.be/vocab/curr2/s-fr-schrijven,
,Basisonderwijs,Lager Onderwijs,Gewoon,Frans,Leergebied,Eindtermen,,Schrijven,,27,"De leerlingen werken aan de volgende attitudes: tonen belangstelling voor de aanwezigheid van moderne vreemde talen in hun leefwereld, ook buiten de school, en voor de socioculturele wereld van de taalgebruikers.",Ja,01/09/2010,basis-lager-27-308862829,https://w3id.org/onderwijs-vlaanderen/id/structuur/lager-onderwijs,http://ilearn.ilabt.imec.be/vocab/curr2/l-frans,http://ilearn.ilabt.imec.be/vocab/curr2/s-fr-schrijven,
,Basisonderwijs,Lager Onderwijs,Gewoon,Frans,Leergebied,Eindtermen,,Schrijven,,23,"Om bovenvermelde taaltaken uit te voeren kunnen de leerlingen de volgende lexicale en grammaticale elementen functioneel inzetten:
a) vorm, betekenis en reëel gebruik in context van woorden en woordcombinaties uit de woordvelden die de taaltaken en de taalgebruikssituaties vereisen:
-persoonlijke gegevens: naam, leeftijd, adres, telefoon, dichte familie, kleding, gezondheid, lichaamsdelen, uiterlijke kenmerken, huisdieren
-dagelijks leven: huis, vrijetijdsbesteding, school, klas, de klasafspraken en -instructies, schoolmateriaal, verplaatsingen, boodschappen doen
-relatie tot de anderen: zich voorstellen, iemand voorstellen, begroeten, bedanken, feliciteren, beleefdheidsrituelen, gevoelens uitdrukken
-eten en drinken: wat men eet of drinkt, de maaltijden
-tijd, ruimte, natuur: jaar, seizoenen, maanden, dagen, uuraanduidingen, tijdsmarkeerders, feesten, dieren
-het weer
-functiewoorden: voorzetsels en voegwoorden
-hoeveelheidsaanduidingen: hoofdtelwoorden en frequente rangtelwoorden

b) grammaticale constructies:
• morfologisch domein
• zelfstandige naamwoorden: genus, getal, overeenkomst
• lidwoorden
• bijvoeglijk gebruikte woordsoorten
• bijvoeglijke naamwoorden
• bezittelijke voornaamwoorden
• aanwijzende voornaamwoorden
• infinitieven
• werkwoordsvormen en de tijdmarkeerders i.f.v. communicatie in de tegenwoordige tijd en de “futur proche”
• zeer frequente vormen van de “passé composé”
• syntactisch domein
• eenvoudige bevestigende, ontkennende en vragende zinnen
• persoonlijke voornaamwoorden als onderwerp",Nee,01/09/2010,basis-lager-23-4163456071,https://w3id.org/onderwijs-vlaanderen/id/structuur/lager-onderwijs,http://ilearn.ilabt.imec.be/vocab/curr2/l-frans,http://ilearn.ilabt.imec.be/vocab/curr2/s-fr-schrijven,
,Basisonderwijs,Lager Onderwijs,Gewoon,Frans,Leergebied,Eindtermen,,Schrijven,,24,De leerlingen reflecteren over taal en taalgebruik binnen de vermelde taalgebruikssituaties om zo hun functionele en ondersteunende kennis uit te breiden.,Nee,01/09/2010,basis-lager-24-2872038705,https://w3id.org/onderwijs-vlaanderen/id/structuur/lager-onderwijs,http://ilearn.ilabt.imec.be/vocab/curr2/l-frans,http://ilearn.ilabt.imec.be/vocab/curr2/s-fr-schrijven,
,Basisonderwijs,Lager Onderwijs,Gewoon,Muzische Vorming,Leergebied,Eindtermen,MUZISCHE VORMING - BEELD,,,6.1,De leerlingen kunnen blijvend nieuwe dingen uit hun omgeving ontdekken.,Ja,01/09/1998,basis-lager-6.1-256688663,https://w3id.org/onderwijs-vlaanderen/id/structuur/lager-onderwijs,http://ilearn.ilabt.imec.be/vocab/curr2/l-muzische-vorming,http://ilearn.ilabt.imec.be/vocab/curr2/s-beeld,
,Basisonderwijs,Lager Onderwijs,Gewoon,Muzische Vorming,Leergebied,Eindtermen,MUZISCHE VORMING - BEELD,,,6.2,De leerlingen kunnen zonder vooroordelen naar kunst kijken en luisteren.,Ja,01/09/1998,basis-lager-6.2-4076767426,https://w3id.org/onderwijs-vlaanderen/id/structuur/lager-onderwijs,http://ilearn.ilabt.imec.be/vocab/curr2/l-muzische-vorming,http://ilearn.ilabt.imec.be/vocab/curr2/s-beeld,
,Basisonderwijs,Lager Onderwijs,Gewoon,Muzische Vorming,Leergebied,Eindtermen,MUZISCHE VORMING - BEELD,,,6.3,De leerlingen kunnen genieten van het muzisch handelen waardoor hun expressiemogelijkheden verruimen.,Ja,01/09/1998,basis-lager-6.3-2141357885,https://w3id.org/onderwijs-vlaanderen/id/structuur/lager-onderwijs,http://ilearn.ilabt.imec.be/vocab/curr2/l-muzische-vorming,http://ilearn.ilabt.imec.be/vocab/curr2/s-beeld,
,Basisonderwijs,Lager Onderwijs,Gewoon,Muzische Vorming,Leergebied,Eindtermen,MUZISCHE VORMING - BEELD,,,6.4,De leerlingen kunnen vertrouwen op hun eigen expressiemogelijkheden en durven hun creatieve uitingen tonen.,Ja,01/09/1998,basis-lager-6.4-4244845683,https://w3id.org/onderwijs-vlaanderen/id/structuur/lager-onderwijs,http://ilearn.ilabt.imec.be/vocab/curr2/l-muzische-vorming,http://ilearn.ilabt.imec.be/vocab/curr2/s-beeld,
,Basisonderwijs,Lager Onderwijs,Gewoon,Muzische Vorming,Leergebied,Eindtermen,MUZISCHE VORMING - BEELD,,,6.5,"De leerlingen kunnen respect betonen voor uitingen van leeftijdgenoten, behorend tot eigen en andere culturen.",Ja,01/09/1998,basis-lager-6.5-2609996583,https://w3id.org/onderwijs-vlaanderen/id/structuur/lager-onderwijs,http://ilearn.ilabt.imec.be/vocab/curr2/l-muzische-vorming,http://ilearn.ilabt.imec.be/vocab/curr2/s-beeld,
,Basisonderwijs,Lager Onderwijs,Gewoon,Muzische Vorming,Leergebied,Eindtermen,MUZISCHE VORMING - BEWEGING,,,6.1,De leerlingen kunnen blijvend nieuwe dingen uit hun omgeving ontdekken.,Ja,01/09/1998,basis-lager-6.1-256688663,https://w3id.org/onderwijs-vlaanderen/id/structuur/lager-onderwijs,http://ilearn.ilabt.imec.be/vocab/curr2/l-muzische-vorming,http://ilearn.ilabt.imec.be/vocab/curr2/s-beweging,
,Basisonderwijs,Lager Onderwijs,Gewoon,Muzische Vorming,Leergebied,Eindtermen,MUZISCHE VORMING - BEWEGING,,,6.2,De leerlingen kunnen zonder vooroordelen naar kunst kijken en luisteren.,Ja,01/09/1998,basis-lager-6.2-4076767426,https://w3id.org/onderwijs-vlaanderen/id/structuur/lager-onderwijs,http://ilearn.ilabt.imec.be/vocab/curr2/l-muzische-vorming,http://ilearn.ilabt.imec.be/vocab/curr2/s-beweging,
,Basisonderwijs,Lager Onderwijs,Gewoon,Muzische Vorming,Leergebied,Eindtermen,MUZISCHE VORMING - BEWEGING,,,6.3,De leerlingen kunnen genieten van het muzisch handelen waardoor hun expressiemogelijkheden verruimen.,Ja,01/09/1998,basis-lager-6.3-2141357885,https://w3id.org/onderwijs-vlaanderen/id/structuur/lager-onderwijs,http://ilearn.ilabt.imec.be/vocab/curr2/l-muzische-vorming,http://ilearn.ilabt.imec.be/vocab/curr2/s-beweging,
,Basisonderwijs,Lager Onderwijs,Gewoon,Muzische Vorming,Leergebied,Eindtermen,MUZISCHE VORMING - BEWEGING,,,6.4,De leerlingen kunnen vertrouwen op hun eigen expressiemogelijkheden en durven hun creatieve uitingen tonen.,Ja,01/09/1998,basis-lager-6.4-4244845683,https://w3id.org/onderwijs-vlaanderen/id/structuur/lager-onderwijs,http://ilearn.ilabt.imec.be/vocab/curr2/l-muzische-vorming,http://ilearn.ilabt.imec.be/vocab/curr2/s-beweging,
,Basisonderwijs,Lager Onderwijs,Gewoon,Muzische Vorming,Leergebied,Eindtermen,MUZISCHE VORMING - BEWEGING,,,6.5,"De leerlingen kunnen respect betonen voor uitingen van leeftijdgenoten, behorend tot eigen en andere culturen.",Ja,01/09/1998,basis-lager-6.5-2609996583,https://w3id.org/onderwijs-vlaanderen/id/structuur/lager-onderwijs,http://ilearn.ilabt.imec.be/vocab/curr2/l-muzische-vorming,http://ilearn.ilabt.imec.be/vocab/curr2/s-beweging,
,Basisonderwijs,Lager Onderwijs,Gewoon,Muzische Vorming,Leergebied,Eindtermen,MUZISCHE VORMING - DRAMA,,,6.1,De leerlingen kunnen blijvend nieuwe dingen uit hun omgeving ontdekken.,Ja,01/09/1998,basis-lager-6.1-256688663,https://w3id.org/onderwijs-vlaanderen/id/structuur/lager-onderwijs,http://ilearn.ilabt.imec.be/vocab/curr2/l-muzische-vorming,http://ilearn.ilabt.imec.be/vocab/curr2/s-drama,
,Basisonderwijs,Lager Onderwijs,Gewoon,Muzische Vorming,Leergebied,Eindtermen,MUZISCHE VORMING - DRAMA,,,6.2,De leerlingen kunnen zonder vooroordelen naar kunst kijken en luisteren.,Ja,01/09/1998,basis-lager-6.2-4076767426,https://w3id.org/onderwijs-vlaanderen/id/structuur/lager-onderwijs,http://ilearn.ilabt.imec.be/vocab/curr2/l-muzische-vorming,http://ilearn.ilabt.imec.be/vocab/curr2/s-drama,
,Basisonderwijs,Lager Onderwijs,Gewoon,Muzische Vorming,Leergebied,Eindtermen,MUZISCHE VORMING - DRAMA,,,6.3,De leerlingen kunnen genieten van het muzisch handelen waardoor hun expressiemogelijkheden verruimen.,Ja,01/09/1998,basis-lager-6.3-2141357885,https://w3id.org/onderwijs-vlaanderen/id/structuur/lager-onderwijs,http://ilearn.ilabt.imec.be/vocab/curr2/l-muzische-vorming,http://ilearn.ilabt.imec.be/vocab/curr2/s-drama,
,Basisonderwijs,Lager Onderwijs,Gewoon,Muzische Vorming,Leergebied,Eindtermen,MUZISCHE VORMING - DRAMA,,,6.4,De leerlingen kunnen vertrouwen op hun eigen expressiemogelijkheden en durven hun creatieve uitingen tonen.,Ja,01/09/1998,basis-lager-6.4-4244845683,https://w3id.org/onderwijs-vlaanderen/id/structuur/lager-onderwijs,http://ilearn.ilabt.imec.be/vocab/curr2/l-muzische-vorming,http://ilearn.ilabt.imec.be/vocab/curr2/s-drama,
,Basisonderwijs,Lager Onderwijs,Gewoon,Muzische Vorming,Leergebied,Eindtermen,MUZISCHE VORMING - DRAMA,,,6.5,"De leerlingen kunnen respect betonen voor uitingen van leeftijdgenoten, behorend tot eigen en andere culturen.",Ja,01/09/1998,basis-lager-6.5-2609996583,https://w3id.org/onderwijs-vlaanderen/id/structuur/lager-onderwijs,http://ilearn.ilabt.imec.be/vocab/curr2/l-muzische-vorming,http://ilearn.ilabt.imec.be/vocab/curr2/s-drama,
,Basisonderwijs,Lager Onderwijs,Gewoon,Muzische Vorming,Leergebied,Eindtermen,MUZISCHE VORMING - MEDIA,,,6.1,De leerlingen kunnen blijvend nieuwe dingen uit hun omgeving ontdekken.,Ja,01/09/1998,basis-lager-6.1-256688663,https://w3id.org/onderwijs-vlaanderen/id/structuur/lager-onderwijs,http://ilearn.ilabt.imec.be/vocab/curr2/l-muzische-vorming,http://ilearn.ilabt.imec.be/vocab/curr2/s-media,
,Basisonderwijs,Lager Onderwijs,Gewoon,Muzische Vorming,Leergebied,Eindtermen,MUZISCHE VORMING - MEDIA,,,6.2,De leerlingen kunnen zonder vooroordelen naar kunst kijken en luisteren.,Ja,01/09/1998,basis-lager-6.2-4076767426,https://w3id.org/onderwijs-vlaanderen/id/structuur/lager-onderwijs,http://ilearn.ilabt.imec.be/vocab/curr2/l-muzische-vorming,http://ilearn.ilabt.imec.be/vocab/curr2/s-media,
,Basisonderwijs,Lager Onderwijs,Gewoon,Muzische Vorming,Leergebied,Eindtermen,MUZISCHE VORMING - MEDIA,,,6.3,De leerlingen kunnen genieten van het muzisch handelen waardoor hun expressiemogelijkheden verruimen.,Ja,01/09/1998,basis-lager-6.3-2141357885,https://w3id.org/onderwijs-vlaanderen/id/structuur/lager-onderwijs,http://ilearn.ilabt.imec.be/vocab/curr2/l-muzische-vorming,http://ilearn.ilabt.imec.be/vocab/curr2/s-media,
,Basisonderwijs,Lager Onderwijs,Gewoon,Muzische Vorming,Leergebied,Eindtermen,MUZISCHE VORMING - MEDIA,,,6.4,De leerlingen kunnen vertrouwen op hun eigen expressiemogelijkheden en durven hun creatieve uitingen tonen.,Ja,01/09/1998,basis-lager-6.4-4244845683,https://w3id.org/onderwijs-vlaanderen/id/structuur/lager-onderwijs,http://ilearn.ilabt.imec.be/vocab/curr2/l-muzische-vorming,http://ilearn.ilabt.imec.be/vocab/curr2/s-media,
,Basisonderwijs,Lager Onderwijs,Gewoon,Muzische Vorming,Leergebied,Eindtermen,MUZISCHE VORMING - MEDIA,,,6.5,"De leerlingen kunnen respect betonen voor uitingen van leeftijdgenoten, behorend tot eigen en andere culturen.",Ja,01/09/1998,basis-lager-6.5-2609996583,https://w3id.org/onderwijs-vlaanderen/id/structuur/lager-onderwijs,http://ilearn.ilabt.imec.be/vocab/curr2/l-muzische-vorming,http://ilearn.ilabt.imec.be/vocab/curr2/s-media,
,Basisonderwijs,Lager Onderwijs,Gewoon,Muzische Vorming,Leergebied,Eindtermen,MUZISCHE VORMING - MUZIEK,,,6.1,De leerlingen kunnen blijvend nieuwe dingen uit hun omgeving ontdekken.,Ja,01/09/1998,basis-lager-6.1-256688663,https://w3id.org/onderwijs-vlaanderen/id/structuur/lager-onderwijs,http://ilearn.ilabt.imec.be/vocab/curr2/l-muzische-vorming,http://ilearn.ilabt.imec.be/vocab/curr2/s-muziek,
,Basisonderwijs,Lager Onderwijs,Gewoon,Muzische Vorming,Leergebied,Eindtermen,MUZISCHE VORMING - MUZIEK,,,6.2,De leerlingen kunnen zonder vooroordelen naar kunst kijken en luisteren.,Ja,01/09/1998,basis-lager-6.2-4076767426,https://w3id.org/onderwijs-vlaanderen/id/structuur/lager-onderwijs,http://ilearn.ilabt.imec.be/vocab/curr2/l-muzische-vorming,http://ilearn.ilabt.imec.be/vocab/curr2/s-muziek,
,Basisonderwijs,Lager Onderwijs,Gewoon,Muzische Vorming,Leergebied,Eindtermen,MUZISCHE VORMING - MUZIEK,,,6.3,De leerlingen kunnen genieten van het muzisch handelen waardoor hun expressiemogelijkheden verruimen.,Ja,01/09/1998,basis-lager-6.3-2141357885,https://w3id.org/onderwijs-vlaanderen/id/structuur/lager-onderwijs,http://ilearn.ilabt.imec.be/vocab/curr2/l-muzische-vorming,http://ilearn.ilabt.imec.be/vocab/curr2/s-muziek,
,Basisonderwijs,Lager Onderwijs,Gewoon,Muzische Vorming,Leergebied,Eindtermen,MUZISCHE VORMING - MUZIEK,,,6.4,De leerlingen kunnen vertrouwen op hun eigen expressiemogelijkheden en durven hun creatieve uitingen tonen.,Ja,01/09/1998,basis-lager-6.4-4244845683,https://w3id.org/onderwijs-vlaanderen/id/structuur/lager-onderwijs,http://ilearn.ilabt.imec.be/vocab/curr2/l-muzische-vorming,http://ilearn.ilabt.imec.be/vocab/curr2/s-muziek,
,Basisonderwijs,Lager Onderwijs,Gewoon,Muzische Vorming,Leergebied,Eindtermen,MUZISCHE VORMING - MUZIEK,,,6.5,"De leerlingen kunnen respect betonen voor uitingen van leeftijdgenoten, behorend tot eigen en andere culturen.",Ja,01/09/1998,basis-lager-6.5-2609996583,https://w3id.org/onderwijs-vlaanderen/id/structuur/lager-onderwijs,http://ilearn.ilabt.imec.be/vocab/curr2/l-muzische-vorming,http://ilearn.ilabt.imec.be/vocab/curr2/s-muziek,
,Basisonderwijs,Lager Onderwijs,Gewoon,Wiskunde,Leergebied,Eindtermen,Wiskunde - Getallen,,,5.1,De leerlingen brengen waardering op voor wiskunde als dimensie van menselijke inventiviteit.,Ja,01/09/1998,basis-lager-5.1-562715506,https://w3id.org/onderwijs-vlaanderen/id/structuur/lager-onderwijs,http://ilearn.ilabt.imec.be/vocab/curr2/l-wiskunde,http://ilearn.ilabt.imec.be/vocab/curr2/s-getallen,
,Basisonderwijs,Lager Onderwijs,Gewoon,Wiskunde,Leergebied,Eindtermen,Wiskunde - Getallen,,,5.2,"De leerlingen ontwikkelen een kritische houding ten aanzien van allerlei cijfermateriaal, tabellen, berekeningen waarvan in hun omgeving bewust of onbewust, gebruik (misbruik) gemaakt wordt om mensen te informeren, te overtuigen, te misleiden …",Ja,01/09/1998,basis-lager-5.2-2286825362,https://w3id.org/onderwijs-vlaanderen/id/structuur/lager-onderwijs,http://ilearn.ilabt.imec.be/vocab/curr2/l-wiskunde,http://ilearn.ilabt.imec.be/vocab/curr2/s-getallen,
,Basisonderwijs,Lager Onderwijs,Gewoon,Wiskunde,Leergebied,Eindtermen,Wiskunde - Getallen,,,5.3,De leerlingen ervaren dat bezig zijn met wiskunde een actief en een constructief proces is dat kan groeien en uitbreiden als gevolg van eigen denk- en leeractiviteiten; ze ontwikkelen bijgevolg de opvatting dat alle leerlingen wiskundige bekwaamheid kunnen verwerven die kan leiden naar studies en beroepen waarin wiskunde aan bod komt.,Ja,01/09/1998,basis-lager-5.3-3058276357,https://w3id.org/onderwijs-vlaanderen/id/structuur/lager-onderwijs,http://ilearn.ilabt.imec.be/vocab/curr2/l-wiskunde,http://ilearn.ilabt.imec.be/vocab/curr2/s-getallen,
,Basisonderwijs,Lager Onderwijs,Gewoon,Wiskunde,Leergebied,Eindtermen,Wiskunde - Getallen,,,5.4,"De leerlingen zijn bereid zichzelf vragen te stellen over hun aanpak voor, tijdens en na het oplossen van een wiskundig probleem en willen op basis hiervan hun aanpak bijsturen.",Ja,01/09/1998,basis-lager-5.4-2360627509,https://w3id.org/onderwijs-vlaanderen/id/structuur/lager-onderwijs,http://ilearn.ilabt.imec.be/vocab/curr2/l-wiskunde,http://ilearn.ilabt.imec.be/vocab/curr2/s-getallen,
,Basisonderwijs,Lager Onderwijs,Gewoon,Wiskunde,Leergebied,Eindtermen,Wiskunde - Meetkunde,,,5.1,De leerlingen brengen waardering op voor wiskunde als dimensie van menselijke inventiviteit.,Ja,01/09/1998,basis-lager-5.1-562715506,https://w3id.org/onderwijs-vlaanderen/id/structuur/lager-onderwijs,http://ilearn.ilabt.imec.be/vocab/curr2/l-wiskunde,http://ilearn.ilabt.imec.be/vocab/curr2/s-meetkunde,
,Basisonderwijs,Lager Onderwijs,Gewoon,Wiskunde,Leergebied,Eindtermen,Wiskunde - Meetkunde,,,5.2,"De leerlingen ontwikkelen een kritische houding ten aanzien van allerlei cijfermateriaal, tabellen, berekeningen waarvan in hun omgeving bewust of onbewust, gebruik (misbruik) gemaakt wordt om mensen te informeren, te overtuigen, te misleiden …",Ja,01/09/1998,basis-lager-5.2-2286825362,https://w3id.org/onderwijs-vlaanderen/id/structuur/lager-onderwijs,http://ilearn.ilabt.imec.be/vocab/curr2/l-wiskunde,http://ilearn.ilabt.imec.be/vocab/curr2/s-meetkunde,
,Basisonderwijs,Lager Onderwijs,Gewoon,Wiskunde,Leergebied,Eindtermen,Wiskunde - Meetkunde,,,5.3,De leerlingen ervaren dat bezig zijn met wiskunde een actief en een constructief proces is dat kan groeien en uitbreiden als gevolg van eigen denk- en leeractiviteiten; ze ontwikkelen bijgevolg de opvatting dat alle leerlingen wiskundige bekwaamheid kunnen verwerven die kan leiden naar studies en beroepen waarin wiskunde aan bod komt.,Ja,01/09/1998,basis-lager-5.3-3058276357,https://w3id.org/onderwijs-vlaanderen/id/structuur/lager-onderwijs,http://ilearn.ilabt.imec.be/vocab/curr2/l-wiskunde,http://ilearn.ilabt.imec.be/vocab/curr2/s-meetkunde,
,Basisonderwijs,Lager Onderwijs,Gewoon,Wiskunde,Leergebied,Eindtermen,Wiskunde - Meetkunde,,,5.4,"De leerlingen zijn bereid zichzelf vragen te stellen over hun aanpak voor, tijdens en na het oplossen van een wiskundig probleem en willen op basis hiervan hun aanpak bijsturen.",Ja,01/09/1998,basis-lager-5.4-2360627509,https://w3id.org/onderwijs-vlaanderen/id/structuur/lager-onderwijs,http://ilearn.ilabt.imec.be/vocab/curr2/l-wiskunde,http://ilearn.ilabt.imec.be/vocab/curr2/s-meetkunde,
,Basisonderwijs,Lager Onderwijs,Gewoon,Wiskunde,Leergebied,Eindtermen,Wiskunde - Meten,,,5.1,De leerlingen brengen waardering op voor wiskunde als dimensie van menselijke inventiviteit.,Ja,01/09/1998,basis-lager-5.1-562715506,https://w3id.org/onderwijs-vlaanderen/id/structuur/lager-onderwijs,http://ilearn.ilabt.imec.be/vocab/curr2/l-wiskunde,http://ilearn.ilabt.imec.be/vocab/curr2/s-meten,
,Basisonderwijs,Lager Onderwijs,Gewoon,Wiskunde,Leergebied,Eindtermen,Wiskunde - Meten,,,5.2,"De leerlingen ontwikkelen een kritische houding ten aanzien van allerlei cijfermateriaal, tabellen, berekeningen waarvan in hun omgeving bewust of onbewust, gebruik (misbruik) gemaakt wordt om mensen te informeren, te overtuigen, te misleiden …",Ja,01/09/1998,basis-lager-5.2-2286825362,https://w3id.org/onderwijs-vlaanderen/id/structuur/lager-onderwijs,http://ilearn.ilabt.imec.be/vocab/curr2/l-wiskunde,http://ilearn.ilabt.imec.be/vocab/curr2/s-meten,
,Basisonderwijs,Lager Onderwijs,Gewoon,Wiskunde,Leergebied,Eindtermen,Wiskunde - Meten,,,5.3,De leerlingen ervaren dat bezig zijn met wiskunde een actief en een constructief proces is dat kan groeien en uitbreiden als gevolg van eigen denk- en leeractiviteiten; ze ontwikkelen bijgevolg de opvatting dat alle leerlingen wiskundige bekwaamheid kunnen verwerven die kan leiden naar studies en beroepen waarin wiskunde aan bod komt.,Ja,01/09/1998,basis-lager-5.3-3058276357,https://w3id.org/onderwijs-vlaanderen/id/structuur/lager-onderwijs,http://ilearn.ilabt.imec.be/vocab/curr2/l-wiskunde,http://ilearn.ilabt.imec.be/vocab/curr2/s-meten,
,Basisonderwijs,Lager Onderwijs,Gewoon,Wiskunde,Leergebied,Eindtermen,Wiskunde - Meten,,,5.4,"De leerlingen zijn bereid zichzelf vragen te stellen over hun aanpak voor, tijdens en na het oplossen van een wiskundig probleem en willen op basis hiervan hun aanpak bijsturen.",Ja,01/09/1998,basis-lager-5.4-2360627509,https://w3id.org/onderwijs-vlaanderen/id/structuur/lager-onderwijs,http://ilearn.ilabt.imec.be/vocab/curr2/l-wiskunde,http://ilearn.ilabt.imec.be/vocab/curr2/s-meten,
,Basisonderwijs,Lager Onderwijs,Gewoon,Wiskunde,Leergebied,Eindtermen,Wiskunde - Strategieën en probleemoplossende vaardigheden,,,5.1,De leerlingen brengen waardering op voor wiskunde als dimensie van menselijke inventiviteit.,Ja,01/09/1998,basis-lager-5.1-562715506,https://w3id.org/onderwijs-vlaanderen/id/structuur/lager-onderwijs,http://ilearn.ilabt.imec.be/vocab/curr2/l-wiskunde,http://ilearn.ilabt.imec.be/vocab/curr2/s-stratprobv,
,Basisonderwijs,Lager Onderwijs,Gewoon,Wiskunde,Leergebied,Eindtermen,Wiskunde - Strategieën en probleemoplossende vaardigheden,,,5.2,"De leerlingen ontwikkelen een kritische houding ten aanzien van allerlei cijfermateriaal, tabellen, berekeningen waarvan in hun omgeving bewust of onbewust, gebruik (misbruik) gemaakt wordt om mensen te informeren, te overtuigen, te misleiden …",Ja,01/09/1998,basis-lager-5.2-2286825362,https://w3id.org/onderwijs-vlaanderen/id/structuur/lager-onderwijs,http://ilearn.ilabt.imec.be/vocab/curr2/l-wiskunde,http://ilearn.ilabt.imec.be/vocab/curr2/s-stratprobv,
,Basisonderwijs,Lager Onderwijs,Gewoon,Wiskunde,Leergebied,Eindtermen,Wiskunde - Strategieën en probleemoplossende vaardigheden,,,5.3,De leerlingen ervaren dat bezig zijn met wiskunde een actief en een constructief proces is dat kan groeien en uitbreiden als gevolg van eigen denk- en leeractiviteiten; ze ontwikkelen bijgevolg de opvatting dat alle leerlingen wiskundige bekwaamheid kunnen verwerven die kan leiden naar studies en beroepen waarin wiskunde aan bod komt.,Ja,01/09/1998,basis-lager-5.3-3058276357,https://w3id.org/onderwijs-vlaanderen/id/structuur/lager-onderwijs,http://ilearn.ilabt.imec.be/vocab/curr2/l-wiskunde,http://ilearn.ilabt.imec.be/vocab/curr2/s-stratprobv,
,Basisonderwijs,Lager Onderwijs,Gewoon,Wiskunde,Leergebied,Eindtermen,Wiskunde - Strategieën en probleemoplossende vaardigheden,,,5.4,"De leerlingen zijn bereid zichzelf vragen te stellen over hun aanpak voor, tijdens en na het oplossen van een wiskundig probleem en willen op basis hiervan hun aanpak bijsturen.",Ja,01/09/1998,basis-lager-5.4-2360627509,https://w3id.org/onderwijs-vlaanderen/id/structuur/lager-onderwijs,http://ilearn.ilabt.imec.be/vocab/curr2/l-wiskunde,http://ilearn.ilabt.imec.be/vocab/curr2/s-stratprobv,
